district,block,gram_panchayat,sample_villages,map_x,map_y,latitude,longitude
Dhamtari,Dhamtari,ACHHOTA,Achhota,,,,
Dhamtari,Dhamtari,AKLADONGRI,"Akladongari,Kohka",,,,
Dhamtari,Dhamtari,AMETHI,"Amethi, Kanidabri",,,,
Dhamtari,Dhamtari,AMLIDIH,Amlidih,,,,
Dhamtari,Dhamtari,Angara,Angara,,,,
Dhamtari,Dhamtari,ARJUNI,ARJUNI,,,,
Dhamtari,Dhamtari,AROUD (DU.),"Araud D,Kisanpuri, Patelguda,Pataud, Barbandha, Harfar, Siltara, Mongari, Urputi, Kandri, Kalarbahara, Pahariyakonha, Kokdi, Korlama, Khertha , Chanwar , Chapgaon, Themli ,Themsara, Dargahan , Palarao D , Batrel , Mudpar ,Lamkeni , Suplikonha D",,,,
Dhamtari,Dhamtari,AROUD (LI.),AROUD (LI.),,,,
Dhamtari,Dhamtari,BAGTARAI,BAGTARAI,,,,
Dhamtari,Dhamtari,BALIYARA,BALIYARA,,,,
Dhamtari,Dhamtari,Banjari,Banjari,,,,
Dhamtari,Dhamtari,BARARI,"Barari, Kotabharri",,,,
Dhamtari,Dhamtari,BARNA,BARNA,,,,
Dhamtari,Dhamtari,BENDRANAVAGAON,"Bendranawagaon,Nawagaonkhurd",,,,
Dhamtari,Dhamtari,BHANPURI,BHANPURI,,,,
Dhamtari,Dhamtari,BHANWARMARA,"Bhanwarmara, Bharari",,,,
Dhamtari,Dhamtari,BHATGAON,BHATGAON,,,,
Dhamtari,Dhamtari,Bhothali,Bhothali,,,,
Dhamtari,Dhamtari,Bhoyna,Bhoyna,,,,
Dhamtari,Dhamtari,Bijnapuri,"Bijnapuri, Sarsopuri",,,,
Dhamtari,Dhamtari,BIRETARA,Biretara,,,,
Dhamtari,Dhamtari,BODRA (PURI),"Bodra Puri, Gopalpuri",,,,
Dhamtari,Dhamtari,BODRA (S),Bodra S,,,,
Dhamtari,Dhamtari,BORIDKHURD,Boridkhurd,,,,
Dhamtari,Dhamtari,CHHATI,Chhati,,,,
Dhamtari,Dhamtari,CHIKHALI,"Chikhali, Mategahan",,,,
Dhamtari,Dhamtari,DAHI,Dahi,,,,
Dhamtari,Dhamtari,DARGAHAN,Dargahan,,,,
Dhamtari,Dhamtari,DARRI,Darri,,,,
Dhamtari,Dhamtari,DEMAR,Demar,,,,
Dhamtari,Dhamtari,DEVPUR,Devpur,,,,
Dhamtari,Dhamtari,DEVRI,"Deori, Bodachhapar",,,,
Dhamtari,Dhamtari,DHIMARTIKUR,Dhimartikur,,,,
Dhamtari,Dhamtari,DHOURABHATHA,"Dhaurabhatha, Rawanguda",,,,
Dhamtari,Dhamtari,DOMA,DOMA,,,,
Dhamtari,Dhamtari,DONAR,DONAR,,,,
Dhamtari,Dhamtari,DONDKI,Dodki,,,,
Dhamtari,Dhamtari,GAGRA,Gagara,,,,
Dhamtari,Dhamtari,GANGREL,"Gangrel, Maradev",,,,
Dhamtari,Dhamtari,GUJRA,Gujra,,,,
Dhamtari,Dhamtari,HANKARA,"Hankara, Kasahi",,,,
Dhamtari,Dhamtari,JAWARGAON,Janwargaon,,,,
Dhamtari,Dhamtari,JHIRIYA,Jhiriya,,,,
Dhamtari,Dhamtari,JHURA NAWAGAON,Jhuranwagaon,,,,
Dhamtari,Dhamtari,JUNWANI,Junwani,,,,
Dhamtari,Dhamtari,KALARTARAI,Kalartarai,,,,
Dhamtari,Dhamtari,KANDEL,Kandel,,,,
Dhamtari,Dhamtari,Karetha,Karetha,,,,
Dhamtari,Dhamtari,KASAWHI,"Kasawahi, Madwapathara",,,,
Dhamtari,Dhamtari,Khamhariya,Khamhariya,,,,
Dhamtari,Dhamtari,KHAPRI,Khapri,,,,
Dhamtari,Dhamtari,KHARENGA,Kharenga,,,,
Dhamtari,Dhamtari,KHARTULI,Khartuli,,,,
Dhamtari,Dhamtari,KODEGAON (B),"Kodegaon B, Pandripani J, Pandripani M, Kosmi, Bargari, Singhola",,,,
Dhamtari,Dhamtari,KODEGAON (R),"Kodegaon R, Kodegaon M, Kodagahan, Malgaon, Satiyara, Adekonha, Jangalpara, Basant",,,,
Dhamtari,Dhamtari,KOLIYARI,Koliyari,,,,
Dhamtari,Dhamtari,KURMATARAI,Kurmatarai,,,,
Dhamtari,Dhamtari,KURRA,"Kurra, Bhothipar",,,,
Dhamtari,Dhamtari,LILAR,"Lilar, Bagodar",,,,
Dhamtari,Dhamtari,LIMTARA,Limtara,,,,
Dhamtari,Dhamtari,LOHARSI,Loharsi,,,,
Dhamtari,Dhamtari,MADAIBHATA,"Madaibhatha, Mokha",,,,
Dhamtari,Dhamtari,MATHURADIH,"Mathuradih, Tendukonha",,,,
Dhamtari,Dhamtari,MONGRAGAHAN,"Mongaragahan, Bhidawar",,,,
Dhamtari,Dhamtari,MUDPAR,"Mudpar, Shakarwara",,,,
Dhamtari,Dhamtari,MUJGAHAN,Mujgahan,,,,
Dhamtari,Dhamtari,NAVAGAON,Nawagaon K,,,,
Dhamtari,Dhamtari,PARASTARAI,Parastarai,,,,
Dhamtari,Dhamtari,PAREWADIH,Parewadih,,,,
Dhamtari,Dhamtari,PARSULI,Parsuli,,,,
Dhamtari,Dhamtari,PIPERCHHEDI (D),Piperchhedi D,,,,
Dhamtari,Dhamtari,PIPERCHHEDI (G),Piperchhedi G,,,,
Dhamtari,Dhamtari,POTIYADIH,Potiyadih,,,,
Dhamtari,Dhamtari,PURI ( NO.1),Puri (No.1),,,,
Dhamtari,Dhamtari,RANWA,Rawa,,,,
Dhamtari,Dhamtari,RATNABANDHA,Ratnabandha,,,,
Dhamtari,Dhamtari,RIWAGAHAN,Riwagahan,,,,
Dhamtari,Dhamtari,RUDRI,Rudri,,,,
Dhamtari,Dhamtari,SAMBALPUR,Sambalpur,,,,
Dhamtari,Dhamtari,SANKRA,Sankara,,,,
Dhamtari,Dhamtari,SARANGPURI,Sarangpuri,,,,
Dhamtari,Dhamtari,SEHRADABRI,Seharadabri,,,,
Dhamtari,Dhamtari,SEMRA (D)-1,Semara B-1,,,,
Dhamtari,Dhamtari,SEMRA (D)-2,Semra D-2,,,,
Dhamtari,Dhamtari,SENCHUWA,Senchuwa,,,,
Dhamtari,Dhamtari,SEONI KHURD,Seonikhurd,,,,
Dhamtari,Dhamtari,SHANKARDAH,"Shankardah, Haraftarai",,,,
Dhamtari,Dhamtari,SHYAMTARAI,Shyamtarai,,,,
Dhamtari,Dhamtari,SORAM,"Soram, Beltara",,,,
Dhamtari,Dhamtari,TARSIWA,Tarsiwan,,,,
Dhamtari,Dhamtari,TELINSATTI,"Telinsatti, Uslapur",,,,
Dhamtari,Dhamtari,TIRRA,"Tirra, Koliyari",,,,
Dhamtari,Dhamtari,TUMRABAHAR,"Tumrabahar, Khirgitola, Dangimacha, Visrampur, Tumakhurd, Tumabujurg",,,,
Dhamtari,Dhamtari,UDENA,Udena,,,,
Dhamtari,Kurud,ACHHOTI,Achhoti,,,,
Dhamtari,Kurud,ANWARI,Anwari,,,,
Dhamtari,Kurud,ATANG,Atang,,,,
Dhamtari,Kurud,BAGDEHI,Bagaud,,,,
Dhamtari,Kurud,BAGOUD,Bagdehi,,,,
Dhamtari,Kurud,BAKLI,"Bakali, Rawanguda",,,,
Dhamtari,Kurud,BANGAR,Bangar,,,,
Dhamtari,Kurud,Bangoli,Bangoli,,,,
Dhamtari,Kurud,BANJARI,Banjari,,,,
Dhamtari,Kurud,BHAISBOD,Bhainsbod,,,,
Dhamtari,Kurud,BHAISMUNDI,Bhaismundi,,,,
Dhamtari,Kurud,BHATAGAON,Bhathagaon,,,,
Dhamtari,Kurud,BHENDRA,Bhendra,,,,
Dhamtari,Kurud,BHENDRWANI,"Bhendarwani,Chirpoti",,,,
Dhamtari,Kurud,BHENDSAR,Bhendsar,,,,
Dhamtari,Kurud,BHOTHLI,Bhothali,,,,
Dhamtari,Kurud,BHUSRENGA,Bhusrenga,,,,
Dhamtari,Kurud,BIREJHAR,Birejhar,,,,
Dhamtari,Kurud,BORJHARA,Borjhara,,,,
Dhamtari,Kurud,CHARBHATHA,Charbhata,,,,
Dhamtari,Kurud,CHARMUDIYA,Charmudiya,,,,
Dhamtari,Kurud,CHAROTA,"Charota, Loharpathara",,,,
Dhamtari,Kurud,CHARRA,Charra,,,,
Dhamtari,Kurud,CHATOUD,Chataud,,,,
Dhamtari,Kurud,CHINWARI,Chinwari,,,,
Dhamtari,Kurud,CHORBHATTHI,Chorbhatti,,,,
Dhamtari,Kurud,DAHDAHA,"Dahdaha, Maurikhurd",,,,
Dhamtari,Kurud,DANDESARA,Dandesara,,,,
Dhamtari,Kurud,DARBA,Darba,,,,
Dhamtari,Kurud,DARRA,Darra,,,,
Dhamtari,Kurud,DEVRI,"Deori, Darri",,,,
Dhamtari,Kurud,DHUMA,Dhuma,,,,
Dhamtari,Kurud,Fusera,Fusera,,,,
Dhamtari,Kurud,GADADIH (U),Gadadih(U),,,,
Dhamtari,Kurud,GADADIH ®,"Gadadih®, Bhelwakuda",,,,
Dhamtari,Kurud,GADHIDIH (GANESH PUR),Ganeshpur,,,,
Dhamtari,Kurud,GATAPAR-1,"Gatapar(A),Aalekhuta",,,,
Dhamtari,Kurud,GATAPAR-2,Gatapar(Ko),,,,
Dhamtari,Kurud,G-JAMGAON,G-JAMGAON,,,,
Dhamtari,Kurud,GOBRA,"Gobra, Bhalukona",,,,
Dhamtari,Kurud,GOJI,Goji,,,,
Dhamtari,Kurud,GUDGUDA,Gudguda,,,,
Dhamtari,Kurud,HANCHALPUR,Hanchalpur,,,,
Dhamtari,Kurud,HATHBANDH,Hathband,,,,
Dhamtari,Kurud,IRRA,Irra,,,,
Dhamtari,Kurud,JARWAYDIH,"Jarwaydih, Khapari",,,,
Dhamtari,Kurud,JORATARAI,Joratarai (C),,,,
Dhamtari,Kurud,JORATARAI (A),Joratarai(A),,,,
Dhamtari,Kurud,JORATARAI (NAVIN),Joratarai(N),,,,
Dhamtari,Kurud,JUGDEHI,"Jugdehi, Saurabhandha",,,,
Dhamtari,Kurud,KACHNA,Kachana,,,,
Dhamtari,Kurud,KAMROUD,"Kamraud, Paraswani",,,,
Dhamtari,Kurud,KANHARPURI,"Kanharpuri, Bhalujhulan",,,,
Dhamtari,Kurud,KARGA,Karga,,,,
Dhamtari,Kurud,KATALBOD,Katalbod,,,,
Dhamtari,Kurud,KATHAULI,Kathauli,,,,
Dhamtari,Kurud,KHARRA,Kharra,,,,
Dhamtari,Kurud,KHURSENGA,Khursenga,,,,
Dhamtari,Kurud,KODEBOD,"Kodebod, Sonpur",,,,
Dhamtari,Kurud,KOKDI,"Kokdi (K), Khaira",,,,
Dhamtari,Kurud,KOKDI (NARI),KOKDI (NARI),,,,
Dhamtari,Kurud,KOLIYARI,Koliyari,,,,
Dhamtari,Kurud,KONDAPAR,"Kondapar, Bharda",,,,
Dhamtari,Kurud,KORRA,Korra,,,,
Dhamtari,Kurud,KOSMARRA,Kosmarra,,,,
Dhamtari,Kurud,KOTGAON,Kotgaon,,,,
Dhamtari,Kurud,KUHKUHA,"Kuhkuha, Bharda",,,,
Dhamtari,Kurud,KULHADI,"Kulhadi, Dhetha",,,,
Dhamtari,Kurud,KUMHARI,"Kumhari, Puraina",,,,
Dhamtari,Kurud,KURRA,"Kurra, Khapari",,,,
Dhamtari,Kurud,MADELI,Madeli,,,,
Dhamtari,Kurud,MANDROUD,Mandraud,,,,
Dhamtari,Kurud,MAROUD,MAROUD,,,,
Dhamtari,Kurud,MAURIKALA,Maurikala,,,,
Dhamtari,Kurud,Mendarka,Mendarka,,,,
Dhamtari,Kurud,MONGRA,Mongara,,,,
Dhamtari,Kurud,MULLE,"Mulle, Kalle",,,,
Dhamtari,Kurud,MURA,Mura,,,,
Dhamtari,Kurud,NARI,Nari,,,,
Dhamtari,Kurud,NAWAGAON (K),"Nawagaon(K), Kanamuka",,,,
Dhamtari,Kurud,NAWAGAON (THUHA),NAWAGAON (THUHA),,,,
Dhamtari,Kurud,NAWAGAON (U),NAWAGAON (U),,,,
Dhamtari,Kurud,PACHPEDI,Pachpedi,,,,
Dhamtari,Kurud,PARKHANDA,Parkhanda,,,,
Dhamtari,Kurud,Parsatthi,Parsatthi,,,,
Dhamtari,Kurud,PARSWANI,Paraswani,,,,
Dhamtari,Kurud,RAKHI,Rakhi,,,,
Dhamtari,Kurud,RAMPUR,Rampur,,,,
Dhamtari,Kurud,SANKARI,Sankari,,,,
Dhamtari,Kurud,SARBADA,Sarbada,,,,
Dhamtari,Kurud,SELDIP,Seldeep,,,,
Dhamtari,Kurud,Semra (B),Semra (B),,,,
Dhamtari,Kurud,SEMRA (C),"Semra ©, Khapari",,,,
Dhamtari,Kurud,SIHAD,Sihad,,,,
Dhamtari,Kurud,SILGHAT,Silghat,,,,
Dhamtari,Kurud,SILIDIH,Silidih,,,,
Dhamtari,Kurud,SILOUTI,Silauti,,,,
Dhamtari,Kurud,Siltara,Siltara,,,,
Dhamtari,Kurud,SINDHOURI KALA,Sindhaurikala,,,,
Dhamtari,Kurud,SINDHOURI KHURD,Sindhaurikhurd,,,,
Dhamtari,Kurud,SIRRI,Sirri,,,,
Dhamtari,Kurud,SIRSIDA,Sirsida,,,,
Dhamtari,Kurud,SIRWE,"Sirwe, Singdehi",,,,
Dhamtari,Kurud,SIWANIKALA,Sivanikala,,,,
Dhamtari,Kurud,SUPELA,Supela,,,,
Dhamtari,Kurud,TARRAGONDI,"Tarragaondi, Tipani",,,,
Dhamtari,Kurud,THUHA,Thuha,,,,
Dhamtari,Kurud,UMARDA,Umarda,,,,
Dhamtari,Magarlod,AMALIDIH,Amalidih,,,,
Dhamtari,Magarlod,AROUD,Araud,,,,
Dhamtari,Magarlod,BELARDONA,BELARDONA,,,,
Dhamtari,Magarlod,BELAUDI,Belaudi,,,,
Dhamtari,Magarlod,BELOURA,BELOURA,,,,
Dhamtari,Magarlod,BHANDARWADI,"Bhandarwadi, Sirkatta, Ghotiyadadar, Basikhai, Kasarwahi",,,,
Dhamtari,Magarlod,BHARDA,Bharda,,,,
Dhamtari,Magarlod,BHENDRI,Bhendri,,,,
Dhamtari,Magarlod,BHOTHA,Bhotha,,,,
Dhamtari,Magarlod,BHOTHIDIH,Bhothidih,,,,
Dhamtari,Magarlod,BIRJHULI,"Birjhuli, Pendra, Aalekhuta, Kusumkhuta, Bodalbahara, Gobrapathar",,,,
Dhamtari,Magarlod,BODRA,Bodra,,,,
Dhamtari,Magarlod,BOIRGAON,"Boirgaon, Saraibhadar, Bhobhlabahra",,,,
Dhamtari,Magarlod,BORSI,Borsi,,,,
Dhamtari,Magarlod,BUDENI,Budeni,,,,
Dhamtari,Magarlod,CHANDNA,Chandana,,,,
Dhamtari,Magarlod,CHANDRASUR,Chandrasur,,,,
Dhamtari,Magarlod,CHHIPLI,"Chhipali, Luge",,,,
Dhamtari,Magarlod,DABHA,Dhabha,,,,
Dhamtari,Magarlod,DHAURABHATHA (Ku),"Dhaurabhata(K), Bhotha",,,,
Dhamtari,Magarlod,DHAURABHATHA (N.),Dhaurabhata(N),,,,
Dhamtari,Magarlod,DUDHWARA,Dudhwara,,,,
Dhamtari,Magarlod,DUMARPALI,"Dumarpali, Nardha",,,,
Dhamtari,Magarlod,GADADIH,Gadadih,,,,
Dhamtari,Magarlod,GIROUD,Giraud,,,,
Dhamtari,Magarlod,HARDI,Hardi,,,,
Dhamtari,Magarlod,HASDA,Hasda,,,,
Dhamtari,Magarlod,JHAJHARKERA,"Jhajharkera, Dhanbuda, Deogaon, Bhaluchuwa",,,,
Dhamtari,Magarlod,KAMROUD,"KAMROUD,Charbhata",,,,
Dhamtari,Magarlod,KAPALPHODI,Kapalfodi,,,,
Dhamtari,Magarlod,KARELI BADI,"Karelibadi, Khatti",,,,
Dhamtari,Magarlod,KARELI CHHOTI,Karelichhoti,,,,
Dhamtari,Magarlod,KEKRAKHOLI,"Kekrakholi, Palwadi",,,,
Dhamtari,Magarlod,KHADMA (MAL),"Khadma(M), Khadma®, Sarairukh, Madwapathra, Girauladih",,,,
Dhamtari,Magarlod,KHAIRJHITI,Khairjhiti,,,,
Dhamtari,Magarlod,KHISORA,Khisora,,,,
Dhamtari,Magarlod,KORGAON,"Korgaon, Tendubhatha, Charbhata",,,,
Dhamtari,Magarlod,Kulhadikot,"Kulhadikot, Hathband, Jalkumbhi",,,,
Dhamtari,Magarlod,KUNDEL,Kundel,,,,
Dhamtari,Magarlod,Lader,Lader,,,,
Dhamtari,Magarlod,MADELI,"Madeli, Bakori, budharao,",,,,
Dhamtari,Magarlod,MARAGAON,Maragaon,,,,
Dhamtari,Magarlod,MEGHA,Megha,,,,
Dhamtari,Magarlod,MOHERA,Mohera,,,,
Dhamtari,Magarlod,MOHRENGA,Moharenga,,,,
Dhamtari,Magarlod,MONHADI,"Mohandi, Jamli",,,,
Dhamtari,Magarlod,MOTIMPUR,Motimpur,,,,
Dhamtari,Magarlod,MUDKERA,"Mudkera, Anjora, Rawtmuda, Kamaipur",,,,
Dhamtari,Magarlod,NAWAGAON-1,Nawagaon(B),,,,
Dhamtari,Magarlod,NAWAGAON-2,Nawagaon(Khi),,,,
Dhamtari,Magarlod,PAHANDA,Pahanda,,,,
Dhamtari,Magarlod,PARASWANI,Paraswani,,,,
Dhamtari,Magarlod,PAREWADIH,"Parewadih, Damkadih",,,,
Dhamtari,Magarlod,PARSABUDA,"Parsabuda, Rajadera, Rengadih",,,,
Dhamtari,Magarlod,PARSATTI,"Parsatthi, Nahardih",,,,
Dhamtari,Magarlod,PATHAR,"Pathar, Sonarindaihan, Pipraud, Mulgaon, Bendrachuwa",,,,
Dhamtari,Magarlod,RAJPUR,Rajpur,,,,
Dhamtari,Magarlod,RANKADIH,Rankadih,,,,
Dhamtari,Magarlod,SANKRA,Sankra,,,,
Dhamtari,Magarlod,SARGI,"Sargi,Kenwradih",,,,
Dhamtari,Magarlod,SAUNGA,Saunga,,,,
Dhamtari,Magarlod,SINGPUR,Singpur,,,,
Dhamtari,Magarlod,SONEWARA,Sonewara,,,,
Dhamtari,Magarlod,SONJHARI,"Sonjhari, Dhanora",,,,
Dhamtari,Magarlod,SONPAIRI,"Sonpairi, Baniyatora",,,,
Dhamtari,Magarlod,SUKLABHATHA,"Shuklabhatha, Aamachani",,,,
Dhamtari,Nagri,AAMDI,"AAMDI,PALARIKHAAR (Enc.forest),KUMHDAKOT",,,,
Dhamtari,Nagri,AAMGAON,AAMGAON,,,,
Dhamtari,Nagri,AMALI,AMAALI,,,,
Dhamtari,Nagri,BAGRUMNALA,"BAGROOMNALA,HITLI, BARKONHA, BENDRAPANI (Enc.forest)",,,,
Dhamtari,Nagri,BANBAGAUD,"BANBAGAUD, SIRAUDKALA",,,,
Dhamtari,Nagri,BANDHA,"BANDHA, MOHMALLA (M), MOHMALLA R",,,,
Dhamtari,Nagri,BANSPANI,"BANSPAANI,KEKRADONGRI, THEMLI, MURUMTARA, SONPUR, SONPURBHARRI, DEVKHUT",,,,
Dhamtari,Nagri,BARBANDHA,BARBANDHA,,,,
Dhamtari,Nagri,BATUNHARRA,"BATANHARRA, DAABGAON",,,,
Dhamtari,Nagri,BELARBAHRA,"BELARBAHRA,KASLOR, BARPADAR",,,,
Dhamtari,Nagri,BELARGAON,"BELARGAON, DOMPADAR, BHUMKA R, BANORA (M), BANORA R, BEM (M), BEM R",,,,
Dhamtari,Nagri,BHADSIVNA,"BHADSIVNA, KHADPATHRA",,,,
Dhamtari,Nagri,BHAISAMUDA,"BHAISAMUDA, KHUDURPAANI (R) , MATIYABAHRA",,,,
Dhamtari,Nagri,BHITARRAS,BHITARRAS,,,,
Dhamtari,Nagri,BHOTHAPARA,"BHOTHAPARA, AMLIPARA, GEDRAPARA, MADAMSILLI",,,,
Dhamtari,Nagri,BHOTHLI,"BHOTHLI, GHORAGAON",,,,
Dhamtari,Nagri,BHURSIDONGARI,BHURSIDONGRI,,,,
Dhamtari,Nagri,BILBHADAR,"BILBHADAR, DALDALI (A), DALDALI (B)",,,,
Dhamtari,Nagri,BIRGUDI,"BIRGUDI,KHUTAAR, BOIRGAON, LAAKHDONGRI, BAAGHDONGRI",,,,
Dhamtari,Nagri,BIRNASILLI,"BIRNASILLI, BAHIGAON",,,,
Dhamtari,Nagri,BODRA,BODRA,,,,
Dhamtari,Nagri,BORAI,"BORAI, KARIPANI, BUDRA",,,,
Dhamtari,Nagri,CHANAGAON,"CHANAGAON, CHHINDBHARRI",,,,
Dhamtari,Nagri,CHHIPALI,CHHIPLI,,,,
Dhamtari,Nagri,CHHIPLIPARA,"CHHPLIPARA, PANDRIPAANI",,,,
Dhamtari,Nagri,CHHUHI,"CHHUHI, SALHEBHATH",,,,
Dhamtari,Nagri,CHIWARRI,"CHIWARRI (M), SANKRA, ARJUNI, CHIWARRI (R), KUKRIKONHA (Enc.forest)",,,,
Dhamtari,Nagri,DARGAHAN,DARGAHAN,,,,
Dhamtari,Nagri,DEOPUR,"DEOPUR, BODHSEMRA, BIRANPUR",,,,
Dhamtari,Nagri,DOKAL,"DOKAL, KORRA, KHADADAH, BASIKHAI",,,,
Dhamtari,Nagri,DONGARDULA,DONGARDULA,,,,
Dhamtari,Nagri,DUGLI,DUGLI,,,,
Dhamtari,Nagri,Farasgaon,"FARASGAON, THOTHAJHARIYA, MUHKOT",,,,
Dhamtari,Nagri,GARHDONGRI (MA),GARHDONGRI (M),,,,
Dhamtari,Nagri,GARHDONGRI (RAI),"GARHDONGRI (R), BOKRABEDA",,,,
Dhamtari,Nagri,GATTASILLI,GATTASILLI,,,,
Dhamtari,Nagri,GEDRA,"GEDRA, GONDLANALA, KOHINPARA",,,,
Dhamtari,Nagri,GHATULA,"GHATHULA, PANDARWAHI, GHOGHOPURI,",,,,
Dhamtari,Nagri,GHOTGAON,"GHOTGAON, KURMIYA",,,,
Dhamtari,Nagri,GHURAWAD,"GHURAWAD, AMALI",,,,
Dhamtari,Nagri,GHUTKEL,GHUTKEL,,,,
Dhamtari,Nagri,Gidhawa,GIDHAWA,,,,
Dhamtari,Nagri,GOREGAON,"GOREGAON, SAAMTARA, TENGNA",,,,
Dhamtari,Nagri,GOVINDPUR,"GOVINDPUR, NEGINALA,",,,,
Dhamtari,Nagri,GUHANNALA,"GUHAN NALA, SARAITOLA R",,,,
Dhamtari,Nagri,HARDIBHATHA,"HARDIBHATA, CHAMENDA",,,,
Dhamtari,Nagri,HINCHAPUR,HINCHHAPUR,,,,
Dhamtari,Nagri,HIRRIDIH,"HIRRIDIH, BHUMKA (M)",,,,
Dhamtari,Nagri,JABRA,"JABARRA, CHARGAON, KHARKA",,,,
Dhamtari,Nagri,JAITPURI,"JAITPURI, KORMUD",,,,
Dhamtari,Nagri,JHUNJHARAKASA,"JHUNJHRAKASA, KORREMUDA,",,,,
Dhamtari,Nagri,JHURATARAI,"JHURATARAI, KOTARWAHI, CHHALAKNI, PARDHI, MAGOUD",,,,
Dhamtari,Nagri,KALLEMETA,"KALLEMETA, GAJKANHAR URF KAUHAPANI,",,,,
Dhamtari,Nagri,KARAIHA,"KARAIHA, SARANGPURI (Enc.forest)",,,,
Dhamtari,Nagri,KARHI,"KARHI, UJRAWAN, JORATARAI",,,,
Dhamtari,Nagri,KASPUR,"KASPUR, BHANSANAALA",,,,
Dhamtari,Nagri,KATAKURRIDIH,"KANTAKURRIDIH, SIROUDKHURD, JARHAKHAR",,,,
Dhamtari,Nagri,KATTIGAON,"KATTIGAON, SINGANPUR, BAROLI, SEETANADI, MARIYAMARI",,,,
Dhamtari,Nagri,KAUHABAHRA,"KAUHABAHRA, PALGAON, KEREMUDA (Enc.forest)",,,,
Dhamtari,Nagri,KEREGAON,"KEREGAON, RAYPARA, NATHUKONHA, JAMPANI (Enc.forest), KURMAJHAR",,,,
Dhamtari,Nagri,KHAIRBHARRI,"KHAIRBHARRI, BEDWAPATHRA (Enc.forest)",,,,
Dhamtari,Nagri,KHALLARI,"KHALLARI, AAMJHAR, GATABAHRA, CHAMENDA, SALHEBHATH",,,,
Dhamtari,Nagri,KHAMHARIA,KHAMHARIYA,,,,
Dhamtari,Nagri,KOLIYARI,KOLIYARI,,,,
Dhamtari,Nagri,KONGERA,"KONGERA, JUNWANI",,,,
Dhamtari,Nagri,KUKREL,KUKREL,,,,
Dhamtari,Nagri,KUMHADA,"KUMHDA, MARDAPOTI, BANROUD",,,,
Dhamtari,Nagri,BAZAAR KURRIDIH,"BAZAR KURRIDIH, BARBANDHA,PIPARCHHEDI",,,,
Dhamtari,Nagri,LAKHANPURI,"LAKHANPURI, BAMHEENBHARRI",,,,
Dhamtari,Nagri,LATIYARA,"LATIYARA, SAHNIKHAR",,,,
Dhamtari,Nagri,LIKHMA,"LIKHMA, EKAWARI",,,,
Dhamtari,Nagri,MAINPUR,"MAINPUR, BANIYADIH",,,,
Dhamtari,Nagri,MAKARDONA,MAKARDONA,,,,
Dhamtari,Nagri,MALHARI,MALHARI,,,,
Dhamtari,Nagri,MAUHABAHRA,"MAUHABAHRA, PODEEDIH, GAINDABHARRI (Enc.forest)",,,,
Dhamtari,Nagri,MECHKA,"MECHKA, KHALGARH, ARSIKANHAR, BOEERGAON, AAMAMUDA",,,,
Dhamtari,Nagri,MODEY,MODEY,,,,
Dhamtari,Nagri,MUKUNDPUR,"MUKUNDPUR, KARRAGHATI,",,,,
Dhamtari,Nagri,MUNAIKERA,"MUNAIKERA, DEVGAON, DINKARPUR",,,,
Dhamtari,Nagri,NAWAGAON (KAS),NAWAGAON(KAS),,,,
Dhamtari,Nagri,NAWAGAON (SA),"NAWAGAON (S), GAHNASIYAR, BHIRAGAON, SANKRAKOOP, LEELANJ",,,,
Dhamtari,Nagri,PAIKBHATHA,"PAIKBHATA, PADAMPUR",,,,
Dhamtari,Nagri,PANWDWAR,PANWDWAR,,,,
Dhamtari,Nagri,PARSAPANI,"PARSAPANI, ACHHOLI",,,,
Dhamtari,Nagri,FARSIYA,"FARSIYA,NIRRABEDA, CHANDANBAHRA",,,,
Dhamtari,Nagri,PODAGAON,"PODAAGAON, BHISMPURI",,,,
Dhamtari,Nagri,RAJPUR,RAJPUR,,,,
Dhamtari,Nagri,RANIGAON,"RANIGAON, ANJANI",,,,
Dhamtari,Nagri,RATAWA,"RATAWA, AAMGAON",,,,
Dhamtari,Nagri,RISGAON,"RISGAON, AAMABAHAAR, KHARKA, SANDBAHRA",,,,
Dhamtari,Nagri,SALOUNI,SALONI,,,,
Dhamtari,Nagri,Sambalpur,SAMBALPUR,,,,
Dhamtari,Nagri,SANKRA,SANKRA,,,,
Dhamtari,Nagri,SARAITOLA (MA),"SARAITOLA (M), JORADABRI, CHATARRIBAHRA (Enc.forest), GATTASILLI (R) , KHARKABHARRI (Enc.forest)",,,,
Dhamtari,Nagri,SEMRA,"SEMRA, BHEJRIRAWAN, PANDRIPAANI (R), PANDRIPANI BHATH (Enc.forest)",,,,
Dhamtari,Nagri,SIHAWA,SIHAWA,,,,
Dhamtari,Nagri,SIRSIDA,"SIRSIDA, RAWANSINGHI",,,,
Dhamtari,Nagri,SIYADEHI,"SIYADEHI, MOHLAI,PATHARRIDIH, LASUNWAHI",,,,
Dhamtari,Nagri,SIYARINALA,"SIYARINALA, BIJAPUR",,,,
Dhamtari,Nagri,TANGAPANI,"TANGAPANI, GORSANALA",,,,
Dhamtari,Nagri,THENHI,"THENHI, GATABHARRI, BAASIN, ARJUNI, DAURPANDRIPANI, TUMDIBAHAR",,,,
Dhamtari,Nagri,UMARGAON,UMARGAON,,,,
