10	200	{"message":"Deleted"}
11	200	{"message":"Deleted"}
12	200	{"message":"Deleted"}
13	200	{"message":"Deleted"}
14	200	{"message":"Deleted"}
15	200	{"message":"Deleted"}
16	200	{"message":"Deleted"}
17	200	{"message":"Deleted"}
18	200	{"message":"Deleted"}
19	200	{"message":"Deleted"}
20	200	{"message":"Deleted"}
21	200	{"message":"Deleted"}
22	200	{"message":"Deleted"}
23	200	{"message":"Deleted"}
24	200	{"message":"Deleted"}
25	200	{"message":"Deleted"}
26	200	{"message":"Deleted"}
27	200	{"message":"Deleted"}
28	200	{"message":"Deleted"}
29	200	{"message":"Deleted"}
30	200	{"message":"Deleted"}
31	200	{"message":"Deleted"}
32	200	{"message":"Deleted"}
33	200	{"message":"Deleted"}
34	200	{"message":"Deleted"}
35	200	{"message":"Deleted"}
36	200	{"message":"Deleted"}
37	200	{"message":"Deleted"}
38	200	{"message":"Deleted"}
39	200	{"message":"Deleted"}
40	200	{"message":"Deleted"}
41	200	{"message":"Deleted"}
42	200	{"message":"Deleted"}
43	200	{"message":"Deleted"}
44	200	{"message":"Deleted"}
45	200	{"message":"Deleted"}
46	200	{"message":"Deleted"}
47	200	{"message":"Deleted"}
48	200	{"message":"Deleted"}
49	200	{"message":"Deleted"}
50	200	{"message":"Deleted"}
51	200	{"message":"Deleted"}
52	200	{"message":"Deleted"}
53	200	{"message":"Deleted"}
54	200	{"message":"Deleted"}
55	200	{"message":"Deleted"}
56	200	{"message":"Deleted"}
57	200	{"message":"Deleted"}
58	200	{"message":"Deleted"}
59	200	{"message":"Deleted"}
60	200	{"message":"Deleted"}
61	200	{"message":"Deleted"}
62	200	{"message":"Deleted"}
63	200	{"message":"Deleted"}
64	200	{"message":"Deleted"}
65	200	{"message":"Deleted"}
66	200	{"message":"Deleted"}
67	200	{"message":"Deleted"}
68	200	{"message":"Deleted"}
69	200	{"message":"Deleted"}
70	200	{"message":"Deleted"}
71	200	{"message":"Deleted"}
72	200	{"message":"Deleted"}
73	200	{"message":"Deleted"}
74	200	{"message":"Deleted"}
75	200	{"message":"Deleted"}
76	200	{"message":"Deleted"}
77	200	{"message":"Deleted"}
78	200	{"message":"Deleted"}
81	200	{"message":"Deleted"}
83	200	{"message":"Deleted"}
84	200	{"message":"Deleted"}
85	200	{"message":"Deleted"}
86	200	{"message":"Deleted"}
87	200	{"message":"Deleted"}
88	200	{"message":"Deleted"}
90	200	{"message":"Deleted"}
91	200	{"message":"Deleted"}
92	200	{"message":"Deleted"}
94	200	{"message":"Deleted"}
95	200	{"message":"Deleted"}
96	200	{"message":"Deleted"}
97	200	{"message":"Deleted"}
99	200	{"message":"Deleted"}
100	200	{"message":"Deleted"}
101	200	{"message":"Deleted"}
116	200	{"message":"Deleted"}
117	200	{"message":"Deleted"}
120	200	{"message":"Deleted"}
130	200	{"message":"Deleted"}
149	200	{"message":"Deleted"}
150	200	{"message":"Deleted"}
151	200	{"message":"Deleted"}
153	200	{"message":"Deleted"}
158	200	{"message":"Deleted"}
161	200	{"message":"Deleted"}
162	200	{"message":"Deleted"}
165	200	{"message":"Deleted"}
168	200	{"message":"Deleted"}
170	200	{"message":"Deleted"}
178	200	{"message":"Deleted"}
181	200	{"message":"Deleted"}
183	200	{"message":"Deleted"}
186	200	{"message":"Deleted"}
187	200	{"message":"Deleted"}
188	200	{"message":"Deleted"}
189	200	{"message":"Deleted"}
190	200	{"message":"Deleted"}
195	200	{"message":"Deleted"}
80	200	{"message":"Deleted"}
182	200	{"message":"Deleted"}
184	200	{"message":"Deleted"}
7	200	{"message":"Deleted"}
204	200	{"message":"Deleted"}
207	200	{"message":"Deleted"}
211	200	{"message":"Deleted"}
213	200	{"message":"Deleted"}
218	200	{"message":"Deleted"}
220	200	{"message":"Deleted"}
93	200	{"message":"Deleted"}
102	200	{"message":"Deleted"}
104	200	{"message":"Deleted"}
115	200	{"message":"Deleted"}
128	200	{"message":"Deleted"}
129	200	{"message":"Deleted"}
133	200	{"message":"Deleted"}
136	200	{"message":"Deleted"}
137	200	{"message":"Deleted"}
141	200	{"message":"Deleted"}
142	200	{"message":"Deleted"}
146	200	{"message":"Deleted"}
154	200	{"message":"Deleted"}
155	200	{"message":"Deleted"}
156	200	{"message":"Deleted"}
157	200	{"message":"Deleted"}
159	200	{"message":"Deleted"}
166	200	{"message":"Deleted"}
169	200	{"message":"Deleted"}
174	200	{"message":"Deleted"}
175	200	{"message":"Deleted"}
225	200	{"message":"Deleted"}
230	200	{"message":"Deleted"}
233	200	{"message":"Deleted"}
235	200	{"message":"Deleted"}
240	200	{"message":"Deleted"}
241	200	{"message":"Deleted"}
242	200	{"message":"Deleted"}
243	200	{"message":"Deleted"}
252	200	{"message":"Deleted"}
253	200	{"message":"Deleted"}
259	200	{"message":"Deleted"}
260	200	{"message":"Deleted"}
271	200	{"message":"Deleted"}
273	200	{"message":"Deleted"}
274	200	{"message":"Deleted"}
275	200	{"message":"Deleted"}
279	200	{"message":"Deleted"}
198	200	{"message":"Deleted"}
199	200	{"message":"Deleted"}
200	200	{"message":"Deleted"}
283	200	{"message":"Deleted"}
6	200	{"message":"Deleted"}
125	200	{"message":"Deleted"}
148	200	{"message":"Deleted"}
264	200	{"message":"Deleted"}
265	200	{"message":"Deleted"}
266	200	{"message":"Deleted"}
268	200	{"message":"Deleted"}
269	200	{"message":"Deleted"}
270	200	{"message":"Deleted"}
272	200	{"message":"Deleted"}
278	200	{"message":"Deleted"}
280	200	{"message":"Deleted"}
282	200	{"message":"Deleted"}
292	200	{"message":"Deleted"}
293	200	{"message":"Deleted"}
297	200	{"message":"Deleted"}
298	200	{"message":"Deleted"}
299	200	{"message":"Deleted"}
192	200	{"message":"Deleted"}
193	200	{"message":"Deleted"}
201	200	{"message":"Deleted"}
209	200	{"message":"Deleted"}
212	200	{"message":"Deleted"}
222	200	{"message":"Deleted"}
226	200	{"message":"Deleted"}
227	200	{"message":"Deleted"}
229	200	{"message":"Deleted"}
234	200	{"message":"Deleted"}
236	200	{"message":"Deleted"}
237	200	{"message":"Deleted"}
239	200	{"message":"Deleted"}
244	200	{"message":"Deleted"}
247	200	{"message":"Deleted"}
251	200	{"message":"Deleted"}
256	200	{"message":"Deleted"}
257	200	{"message":"Deleted"}
258	200	{"message":"Deleted"}
276	200	{"message":"Deleted"}
304	200	{"message":"Deleted"}
214	200	{"message":"Deleted"}
267	200	{"message":"Deleted"}
4	200	{"message":"Deleted"}
79	200	{"message":"Deleted"}
82	200	{"message":"Deleted"}
105	200	{"message":"Deleted"}
111	200	{"message":"Deleted"}
114	200	{"message":"Deleted"}
122	200	{"message":"Deleted"}
124	200	{"message":"Deleted"}
126	200	{"message":"Deleted"}
127	200	{"message":"Deleted"}
131	200	{"message":"Deleted"}
132	200	{"message":"Deleted"}
134	200	{"message":"Deleted"}
138	200	{"message":"Deleted"}
139	200	{"message":"Deleted"}
140	200	{"message":"Deleted"}
179	200	{"message":"Deleted"}
329	200	{"message":"Deleted"}
330	200	{"message":"Deleted"}
336	200	{"message":"Deleted"}
202	200	{"message":"Deleted"}
331	200	{"message":"Deleted"}
108	200	{"message":"Deleted"}
203	200	{"message":"Deleted"}
208	200	{"message":"Deleted"}
307	200	{"message":"Deleted"}
309	200	{"message":"Deleted"}
310	200	{"message":"Deleted"}
312	200	{"message":"Deleted"}
314	200	{"message":"Deleted"}
315	200	{"message":"Deleted"}
316	200	{"message":"Deleted"}
318	200	{"message":"Deleted"}
319	200	{"message":"Deleted"}
320	200	{"message":"Deleted"}
321	200	{"message":"Deleted"}
324	200	{"message":"Deleted"}
325	200	{"message":"Deleted"}
326	200	{"message":"Deleted"}
327	200	{"message":"Deleted"}
328	200	{"message":"Deleted"}
340	200	{"message":"Deleted"}
346	200	{"message":"Deleted"}
349	200	{"message":"Deleted"}
352	200	{"message":"Deleted"}
353	200	{"message":"Deleted"}
354	200	{"message":"Deleted"}
356	200	{"message":"Deleted"}
361	200	{"message":"Deleted"}
365	200	{"message":"Deleted"}
333	200	{"message":"Deleted"}
335	200	{"message":"Deleted"}
383	200	{"message":"Deleted"}
387	200	{"message":"Deleted"}
191	200	{"message":"Deleted"}
223	200	{"message":"Deleted"}
246	200	{"message":"Deleted"}
287	200	{"message":"Deleted"}
289	200	{"message":"Deleted"}
291	200	{"message":"Deleted"}
317	200	{"message":"Deleted"}
332	200	{"message":"Deleted"}
342	200	{"message":"Deleted"}
344	200	{"message":"Deleted"}
380	200	{"message":"Deleted"}
395	200	{"message":"Deleted"}
391	200	{"message":"Deleted"}
396	200	{"message":"Deleted"}
406	200	{"message":"Deleted"}
415	200	{"message":"Deleted"}
417	200	{"message":"Deleted"}
357	200	{"message":"Deleted"}
379	200	{"message":"Deleted"}
420	200	{"message":"Deleted"}
350	200	{"message":"Deleted"}
413	200	{"message":"Deleted"}
422	200	{"message":"Deleted"}
427	200	{"message":"Deleted"}
428	200	{"message":"Deleted"}
429	200	{"message":"Deleted"}
433	200	{"message":"Deleted"}
2	200	{"message":"Deleted"}
121	200	{"message":"Deleted"}
205	200	{"message":"Deleted"}
224	200	{"message":"Deleted"}
232	200	{"message":"Deleted"}
284	200	{"message":"Deleted"}
288	200	{"message":"Deleted"}
301	200	{"message":"Deleted"}
305	200	{"message":"Deleted"}
306	200	{"message":"Deleted"}
308	200	{"message":"Deleted"}
311	200	{"message":"Deleted"}
341	200	{"message":"Deleted"}
359	200	{"message":"Deleted"}
364	200	{"message":"Deleted"}
369	200	{"message":"Deleted"}
370	200	{"message":"Deleted"}
371	200	{"message":"Deleted"}
378	200	{"message":"Deleted"}
390	200	{"message":"Deleted"}
409	200	{"message":"Deleted"}
411	200	{"message":"Deleted"}
440	200	{"message":"Deleted"}
425	200	{"message":"Deleted"}
478	200	{"message":"Deleted"}
399	200	{"message":"Deleted"}
402	200	{"message":"Deleted"}
487	200	{"message":"Deleted"}
488	200	{"message":"Deleted"}
421	200	{"message":"Deleted"}
254	200	{"message":"Deleted"}
263	200	{"message":"Deleted"}
295	200	{"message":"Deleted"}
296	200	{"message":"Deleted"}
303	200	{"message":"Deleted"}
339	200	{"message":"Deleted"}
381	200	{"message":"Deleted"}
389	200	{"message":"Deleted"}
397	200	{"message":"Deleted"}
400	200	{"message":"Deleted"}
407	200	{"message":"Deleted"}
410	200	{"message":"Deleted"}
437	200	{"message":"Deleted"}
439	200	{"message":"Deleted"}
441	200	{"message":"Deleted"}
445	200	{"message":"Deleted"}
448	200	{"message":"Deleted"}
452	200	{"message":"Deleted"}
458	200	{"message":"Deleted"}
459	200	{"message":"Deleted"}
460	200	{"message":"Deleted"}
461	200	{"message":"Deleted"}
463	200	{"message":"Deleted"}
464	200	{"message":"Deleted"}
471	200	{"message":"Deleted"}
494	200	{"message":"Deleted"}
495	200	{"message":"Deleted"}
215	200	{"message":"Deleted"}
216	200	{"message":"Deleted"}
217	200	{"message":"Deleted"}
